{
  "trained_at": "2026-03-23T23:35:17.446547+00:00Z",
  "n_samples": 460,
  "feature_columns": [
    "cvss_score",
    "epss_score",
    "epss_percentile",
    "severity_score",
    "age_days",
    "is_verified",
    "is_active",
    "has_cve",
    "scanner_OTHER",
    "cwe_access_control",
    "cwe_auth",
    "cwe_config",
    "cwe_crypto",
    "cwe_data_exposure",
    "cwe_injection",
    "cwe_input_validation",
    "cwe_memory",
    "cwe_other",
    "cwe_resource_mgmt"
  ],
  "label_encoding": {
    "0": "Low",
    "1": "Medium",
    "2": "High",
    "3": "Critical"
  },
  "label_thresholds": {
    "p33": 0.35,
    "p66": 0.525,
    "p85": 0.540393
  },
  "cv_folds": 5,
  "rf": {
    "cv_f1_mean": 0.995655073510554,
    "cv_f1_std": 0.005321542443901508,
    "insample_f1": 0.9978243183845655,
    "insample_auc": 0.9999921801689083
  },
  "xgb": {
    "cv_f1_mean": 0.9934718956930702,
    "cv_f1_std": 0.005330326561529613,
    "insample_f1": 1.0,
    "insample_auc": 1.0
  },
  "feature_importances": {
    "severity_score": 0.24405787885189056,
    "cvss_score": 0.15717336535453796,
    "is_active": 0.11361768841743469,
    "cwe_memory": 0.08801452070474625,
    "cwe_crypto": 0.0759216845035553,
    "cwe_auth": 0.07150911539793015,
    "cwe_other": 0.061161596328020096,
    "cwe_data_exposure": 0.05043196678161621,
    "epss_score": 0.040614087134599686,
    "epss_percentile": 0.024783510714769363,
    "cwe_input_validation": 0.01774144545197487,
    "age_days": 0.01613728143274784,
    "cwe_injection": 0.01604168675839901,
    "cwe_access_control": 0.012122626416385174,
    "cwe_resource_mgmt": 0.006477179937064648,
    "has_cve": 0.0041943746618926525,
    "is_verified": 0.0,
    "scanner_OTHER": 0.0,
    "cwe_config": 0.0
  }
}